SIC,SIC0,FF_12,FF_48
100,100,1,1
110,110,1,1
112,112,1,1
115,115,1,1
116,116,1,1
120,120,1,1
130,130,1,1
131,131,1,1
133,133,1,1
139,139,1,1
161,161,1,1
170,170,1,1
173,173,1,1
174,174,1,1
179,179,1,1
180,180,1,1
181,181,1,1
189,189,1,1
190,190,1,1
191,191,1,1
200,200,1,1
210,210,1,1
211,211,1,1
212,212,1,1
214,214,1,1
241,241,1,1
250,250,1,1
251,251,1,1
254,254,1,1
270,270,1,1
272,272,1,1
279,279,1,1
400,400,1,48
530,530,1,48
700,700,1,1
710,710,1,1
711,711,1,1
720,720,1,1
721,721,1,1
723,723,1,1
740,740,1,1
742,742,1,1
750,750,1,1
752,752,1,1
759,759,1,1
762,762,1,1
780,780,1,1
781,781,1,1
782,782,1,1
783,783,1,1
790,790,1,1
800,800,1,17
810,810,1,17
811,811,1,17
830,830,1,17
831,831,1,17
851,851,1,17
900,900,1,48
910,910,1,1
912,912,1,1
913,913,1,1
919,919,1,1
920,920,1,6
921,921,1,6
999,999,1,6
1000,1000,12,28
1010,1010,12,28
1011,1011,12,28
1020,1020,12,28
1021,1021,12,28
1024,1024,12,28
1030,1030,12,28
1031,1031,12,28
1040,1040,12,27
1041,1041,12,27
1044,1044,12,27
1051,1051,12,28
1060,1060,12,28
1061,1061,12,28
1070,1070,12,28
1080,1080,12,28
1081,1081,12,28
1090,1090,12,28
1091,1091,12,28
1092,1092,12,28
1094,1094,12,28
1099,1099,12,28
1100,1100,12,28
1101,1101,12,28
1110,1110,12,28
1111,1111,12,28
1112,1112,12,28
1154,1154,12,48
1200,1200,4,29
1210,1210,4,29
1211,1211,4,29
1220,1220,4,29
1221,1221,4,29
1222,1222,4,29
1226,1226,4,29
1241,1241,4,29
1300,1300,4,30
1310,1310,4,30
1311,1311,4,30
1320,1320,4,30
1321,1321,4,30
1330,1330,4,30
1372,1372,4,30
1374,1374,4,30
1380,1380,4,30
1381,1381,4,30
1382,1382,4,30
1389,1389,4,30
1390,1390,4,48
1400,1400,12,28
1411,1411,12,28
1420,1420,12,28
1422,1422,12,28
1423,1423,12,28
1429,1429,12,28
1442,1442,12,28
1446,1446,12,28
1450,1450,12,28
1459,1459,12,28
1470,1470,12,28
1474,1474,12,28
1477,1477,12,28
1479,1479,12,28
1480,1480,12,28
1481,1481,12,28
1490,1490,12,28
1497,1497,12,28
1499,1499,12,28
1500,1500,12,18
1510,1510,12,18
1511,1511,12,18
1520,1520,12,18
1521,1521,12,18
1522,1522,12,18
1524,1524,12,18
1530,1530,12,18
1531,1531,12,18
1540,1540,12,18
1541,1541,12,18
1542,1542,12,18
1590,1590,12,48
1600,1600,12,18
1610,1610,12,18
1611,1611,12,18
1620,1620,12,18
1621,1621,12,18
1622,1622,12,18
1623,1623,12,18
1629,1629,12,18
1630,1630,12,18
1680,1680,12,18
1700,1700,12,18
1710,1710,12,18
1711,1711,12,18
1730,1730,12,18
1731,1731,12,18
1740,1740,12,18
1742,1742,12,18
1743,1743,12,18
1752,1752,12,18
1761,1761,12,18
1780,1780,12,18
1781,1781,12,18
1790,1790,12,18
1791,1791,12,18
1794,1794,12,18
1795,1795,12,18
1796,1796,12,18
1799,1799,12,18
2000,2000,1,2
2002,2002,1,2
2010,2010,1,2
2011,2011,1,2
2013,2013,1,2
2015,2015,1,2
2016,2016,1,2
2017,2017,1,2
2020,2020,1,2
2021,2021,1,2
2022,2022,1,2
2023,2023,1,2
2024,2024,1,2
2026,2026,1,2
2030,2030,1,2
2031,2031,1,2
2032,2032,1,2
2033,2033,1,2
2034,2034,1,2
2035,2035,1,2
2037,2037,1,2
2038,2038,1,2
2040,2040,1,2
2041,2041,1,2
2042,2042,1,2
2043,2043,1,2
2044,2044,1,2
2045,2045,1,2
2046,2046,1,2
2047,2047,1,9
2048,2048,1,1
2050,2050,1,2
2051,2051,1,2
2052,2052,1,2
2060,2060,1,2
2061,2061,1,2
2062,2062,1,2
2063,2063,1,2
2064,2064,1,3
2065,2065,1,3
2066,2066,1,3
2067,2067,1,3
2068,2068,1,3
2070,2070,1,2
2075,2075,1,2
2077,2077,1,2
2079,2079,1,2
2080,2080,1,4
2082,2082,1,4
2083,2083,1,4
2084,2084,1,4
2085,2085,1,4
2086,2086,1,3
2087,2087,1,3
2090,2090,1,2
2091,2091,1,2
2092,2092,1,2
2095,2095,1,2
2096,2096,1,3
2097,2097,1,3
2098,2098,1,2
2099,2099,1,2
2100,2100,1,5
2110,2110,1,5
2111,2111,1,5
2120,2120,1,5
2121,2121,1,5
2131,2131,1,5
2190,2190,1,5
2192,2192,1,5
2200,2200,1,16
2210,2210,1,16
2211,2211,1,16
2220,2220,1,16
2221,2221,1,16
2230,2230,1,16
2231,2231,1,16
2240,2240,1,16
2241,2241,1,16
2250,2250,1,16
2251,2251,1,16
2252,2252,1,16
2253,2253,1,16
2254,2254,1,16
2257,2257,1,16
2258,2258,1,16
2259,2259,1,16
2260,2260,1,16
2261,2261,1,16
2262,2262,1,16
2269,2269,1,16
2270,2270,1,16
2271,2271,1,16
2272,2272,1,16
2273,2273,1,16
2279,2279,1,16
2280,2280,1,16
2281,2281,1,16
2282,2282,1,16
2283,2283,1,16
2284,2284,1,16
2290,2290,1,16
2292,2292,1,16
2294,2294,1,16
2295,2295,1,16
2297,2297,1,16
2298,2298,1,16
2299,2299,1,16
2300,2300,1,10
2310,2310,1,10
2311,2311,1,10
2320,2320,1,10
2321,2321,1,10
2322,2322,1,10
2323,2323,1,10
2325,2325,1,10
2326,2326,1,10
2327,2327,1,10
2328,2328,1,10
2329,2329,1,10
2330,2330,1,10
2331,2331,1,10
2335,2335,1,10
2337,2337,1,10
2339,2339,1,10
2340,2340,1,10
2341,2341,1,10
2342,2342,1,10
2352,2352,1,10
2360,2360,1,10
2361,2361,1,10
2363,2363,1,10
2369,2369,1,10
2371,2371,1,10
2379,2379,1,10
2380,2380,1,10
2384,2384,1,10
2385,2385,1,10
2387,2387,1,10
2389,2389,1,10
2390,2390,1,10
2391,2391,1,9
2392,2392,1,9
2393,2393,1,16
2394,2394,1,16
2395,2395,1,16
2396,2396,1,23
2399,2399,1,16
2400,2400,12,17
2410,2410,12,17
2411,2411,12,17
2420,2420,12,17
2421,2421,12,17
2426,2426,12,17
2429,2429,12,17
2430,2430,12,17
2431,2431,12,17
2434,2434,12,17
2435,2435,12,17
2436,2436,12,17
2439,2439,12,17
2440,2440,12,39
2449,2449,12,39
2450,2450,12,17
2451,2451,12,17
2452,2452,12,17
2490,2490,12,17
2491,2491,12,17
2493,2493,12,17
2499,2499,12,17
2500,2500,2,48
2510,2510,2,9
2511,2511,2,9
2512,2512,2,9
2514,2514,2,9
2515,2515,2,9
2517,2517,2,9
2519,2519,2,9
2520,2520,3,38
2521,2521,3,38
2522,2522,3,38
2531,2531,3,38
2540,2540,3,38
2541,2541,3,38
2542,2542,3,38
2590,2590,2,9
2591,2591,2,9
2599,2599,2,9
2600,2600,3,38
2610,2610,3,38
2611,2611,3,38
2615,2615,3,38
2620,2620,3,38
2621,2621,3,38
2630,2630,3,38
2631,2631,3,38
2640,2640,3,39
2641,2641,3,39
2642,2642,3,39
2643,2643,3,39
2645,2645,3,39
2646,2646,3,39
2647,2647,3,39
2648,2648,3,39
2649,2649,3,39
2650,2650,3,39
2651,2651,3,39
2653,2653,3,39
2654,2654,3,39
2655,2655,3,39
2656,2656,3,39
2657,2657,3,39
2660,2660,3,17
2661,2661,3,17
2670,2670,3,38
2671,2671,3,38
2672,2672,3,38
2673,2673,3,38
2674,2674,3,38
2675,2675,3,38
2676,2676,3,38
2677,2677,3,38
2678,2678,3,38
2679,2679,3,38
2700,2700,1,8
2710,2710,1,8
2711,2711,1,8
2720,2720,1,8
2721,2721,1,8
2730,2730,1,8
2731,2731,1,8
2732,2732,1,8
2740,2740,1,8
2741,2741,1,8
2750,2750,3,34
2751,2751,3,34
2752,2752,3,34
2753,2753,3,34
2754,2754,3,34
2758,2758,3,34
2759,2759,3,34
2760,2760,3,38
2761,2761,3,38
2770,2770,1,8
2771,2771,1,8
2780,2780,1,8
2782,2782,1,8
2790,2790,1,8
2791,2791,1,8
2794,2794,1,8
2795,2795,1,8
2796,2796,1,8
2800,2800,5,14
2810,2810,5,14
2812,2812,5,14
2813,2813,5,14
2816,2816,5,14
2818,2818,5,14
2819,2819,5,14
2820,2820,5,14
2821,2821,5,14
2822,2822,5,14
2823,2823,5,14
2824,2824,5,14
2830,2830,10,13
2831,2831,10,13
2833,2833,10,13
2834,2834,10,13
2835,2835,10,13
2836,2836,10,13
2840,2840,5,9
2841,2841,5,9
2842,2842,5,9
2843,2843,5,9
2844,2844,5,9
2850,2850,5,14
2851,2851,5,14
2860,2860,5,14
2861,2861,5,14
2865,2865,5,14
2869,2869,5,14
2870,2870,5,14
2873,2873,5,14
2874,2874,5,14
2875,2875,5,14
2879,2879,5,14
2890,2890,5,14
2891,2891,5,14
2892,2892,5,14
2893,2893,5,14
2895,2895,5,14
2899,2899,5,14
2910,2910,4,30
2911,2911,4,30
2912,2912,4,30
2950,2950,4,17
2951,2951,4,17
2952,2952,4,17
2990,2990,4,30
2992,2992,4,30
2999,2999,4,30
3000,3000,3,48
3010,3010,3,23
3011,3011,3,23
3020,3020,3,10
3021,3021,3,10
3031,3031,3,15
3041,3041,3,15
3050,3050,3,15
3052,3052,3,15
3053,3053,3,15
3060,3060,3,15
3061,3061,3,15
3069,3069,3,15
3070,3070,3,15
3079,3079,3,15
3080,3080,3,15
3081,3081,3,15
3083,3083,3,15
3084,3084,3,15
3085,3085,3,15
3086,3086,3,15
3089,3089,3,15
3090,3090,3,15
3100,3100,1,10
3110,3110,1,10
3111,3111,1,10
3131,3131,1,10
3140,3140,1,10
3141,3141,1,10
3142,3142,1,10
3143,3143,1,10
3144,3144,1,10
3149,3149,1,10
3151,3151,1,10
3160,3160,1,9
3161,3161,1,9
3170,3170,1,9
3171,3171,1,9
3172,3172,1,9
3199,3199,1,9
3210,3210,3,17
3211,3211,3,17
3220,3220,3,39
3221,3221,3,39
3225,3225,3,48
3229,3229,3,9
3230,3230,3,9
3231,3231,3,9
3240,3240,3,17
3241,3241,3,17
3250,3250,3,17
3251,3251,3,17
3253,3253,3,17
3255,3255,3,17
3259,3259,3,17
3260,3260,3,9
3261,3261,3,17
3262,3262,3,9
3264,3264,3,17
3269,3269,3,9
3270,3270,3,17
3271,3271,3,17
3272,3272,3,17
3273,3273,3,17
3274,3274,3,17
3275,3275,3,17
3280,3280,3,17
3281,3281,3,17
3290,3290,3,17
3291,3291,3,17
3292,3292,3,17
3293,3293,3,17
3295,3295,3,17
3296,3296,3,17
3297,3297,3,17
3299,3299,3,17
3310,3310,3,19
3311,3311,3,19
3312,3312,3,19
3313,3313,3,19
3315,3315,3,19
3316,3316,3,19
3317,3317,3,19
3320,3320,3,19
3321,3321,3,19
3322,3322,3,19
3324,3324,3,19
3325,3325,3,19
3330,3330,3,19
3331,3331,3,19
3332,3332,3,19
3333,3333,3,19
3334,3334,3,19
3337,3337,3,19
3339,3339,3,19
3340,3340,3,19
3341,3341,3,19
3350,3350,3,19
3351,3351,3,19
3353,3353,3,19
3354,3354,3,19
3356,3356,3,19
3357,3357,3,19
3360,3360,3,19
3361,3361,3,19
3362,3362,3,19
3364,3364,3,19
3365,3365,3,19
3366,3366,3,19
3369,3369,3,19
3370,3370,3,19
3390,3390,3,19
3398,3398,3,19
3399,3399,3,19
3400,3400,3,20
3410,3410,3,39
3411,3411,3,39
3412,3412,3,39
3420,3420,3,17
3421,3421,3,17
3422,3422,3,17
3423,3423,3,17
3424,3424,3,17
3425,3425,3,17
3426,3426,3,17
3429,3429,3,17
3430,3430,3,17
3431,3431,3,17
3432,3432,3,17
3433,3433,3,17
3440,3440,3,17
3441,3441,3,17
3442,3442,3,17
3443,3443,3,20
3444,3444,3,20
3446,3446,3,17
3448,3448,3,17
3449,3449,3,17
3450,3450,3,17
3451,3451,3,17
3452,3452,3,17
3460,3460,3,20
3462,3462,3,20
3463,3463,3,20
3465,3465,3,20
3469,3469,3,20
3470,3470,3,20
3471,3471,3,20
3472,3472,3,20
3479,3479,3,20
3480,3480,3,26
3482,3482,3,26
3483,3483,3,26
3484,3484,3,26
3489,3489,3,26
3490,3490,3,17
3491,3491,3,17
3492,3492,3,17
3493,3493,3,17
3494,3494,3,17
3495,3495,3,17
3496,3496,3,17
3497,3497,3,17
3498,3498,3,17
3499,3499,3,17
3510,3510,3,21
3511,3511,3,21
3519,3519,3,21
3520,3520,3,21
3522,3522,3,21
3523,3523,3,21
3524,3524,3,21
3530,3530,3,21
3531,3531,3,21
3532,3532,3,21
3533,3533,3,21
3534,3534,3,21
3535,3535,3,21
3536,3536,3,21
3537,3537,3,23
3538,3538,3,21
3540,3540,3,21
3541,3541,3,21
3542,3542,3,21
3544,3544,3,21
3545,3545,3,21
3546,3546,3,21
3547,3547,3,21
3549,3549,3,21
3550,3550,3,21
3551,3551,3,21
3552,3552,3,21
3553,3553,3,21
3554,3554,3,21
3555,3555,3,21
3556,3556,3,21
3559,3559,3,21
3560,3560,3,21
3561,3561,3,21
3562,3562,3,21
3563,3563,3,21
3564,3564,3,21
3565,3565,3,21
3566,3566,3,21
3567,3567,3,21
3568,3568,3,21
3569,3569,3,21
3570,3570,6,35
3571,3571,6,35
3572,3572,6,35
3573,3573,6,35
3574,3574,6,35
3575,3575,6,35
3576,3576,6,35
3577,3577,6,35
3578,3578,6,35
3579,3579,6,35
3580,3580,3,21
3581,3581,3,21
3582,3582,3,21
3585,3585,3,21
3586,3586,3,21
3589,3589,3,21
3590,3590,3,21
3592,3592,3,21
3593,3593,3,21
3594,3594,3,21
3599,3599,3,21
3600,3600,3,22
3610,3610,3,22
3611,3611,3,22
3612,3612,3,22
3613,3613,3,22
3620,3620,3,22
3621,3621,3,22
3622,3622,3,36
3623,3623,3,22
3624,3624,3,22
3625,3625,3,22
3629,3629,3,22
3630,3630,2,9
3631,3631,2,9
3632,3632,2,9
3633,3633,2,9
3634,3634,2,9
3635,3635,2,9
3636,3636,2,9
3639,3639,2,9
3640,3640,2,22
3641,3641,2,22
3643,3643,2,22
3644,3644,2,22
3645,3645,2,22
3646,3646,2,22
3647,3647,2,23
3648,3648,2,22
3650,3650,2,6
3651,3651,2,6
3652,3652,2,6
3660,3660,6,22
3661,3661,6,36
3662,3662,6,36
3663,3663,6,36
3664,3664,6,36
3669,3669,6,36
3670,3670,6,36
3671,3671,6,36
3672,3672,6,36
3673,3673,6,36
3674,3674,6,36
3675,3675,6,36
3676,3676,6,36
3677,3677,6,36
3678,3678,6,36
3679,3679,6,36
3680,3680,6,35
3690,3690,6,22
3691,3691,6,22
3692,3692,6,22
3693,3693,10,12
3694,3694,6,23
3695,3695,6,35
3699,3699,6,22
3700,3700,3,23
3710,3710,2,23
3711,3711,2,23
3713,3713,3,23
3714,3714,2,23
3715,3715,3,23
3716,3716,2,23
3720,3720,3,24
3721,3721,3,24
3723,3723,3,24
3724,3724,3,24
3725,3725,3,24
3728,3728,3,24
3729,3729,3,24
3730,3730,3,25
3731,3731,3,25
3732,3732,3,6
3740,3740,3,25
3741,3741,3,25
3743,3743,3,25
3750,3750,2,9
3751,3751,2,9
3754,3754,3,48
3760,3760,3,26
3761,3761,3,26
3764,3764,3,26
3769,3769,3,26
3780,3780,3,48
3790,3790,3,23
3791,3791,3,23
3792,3792,2,23
3795,3795,3,26
3799,3799,3,23
3810,3810,6,36
3811,3811,6,37
3812,3812,6,36
3820,3820,6,37
3821,3821,6,37
3822,3822,6,37
3823,3823,6,37
3824,3824,6,37
3825,3825,6,37
3826,3826,6,37
3827,3827,6,37
3829,3829,6,37
3830,3830,3,37
3832,3832,3,37
3840,3840,10,12
3841,3841,10,12
3842,3842,10,12
3843,3843,10,12
3844,3844,10,12
3845,3845,10,12
3850,3850,10,12
3851,3851,10,12
3860,3860,3,9
3861,3861,3,9
3870,3870,3,9
3873,3873,3,9
3899,3899,3,48
3900,3900,2,48
3910,3910,2,9
3911,3911,2,9
3914,3914,2,9
3915,3915,2,9
3930,3930,2,6
3931,3931,2,6
3940,3940,1,6
3941,3941,1,6
3942,3942,1,6
3944,3944,1,6
3948,3948,1,6
3949,3949,1,6
3950,3950,1,38
3951,3951,1,38
3952,3952,1,38
3953,3953,1,38
3955,3955,1,38
3960,3960,1,9
3961,3961,1,9
3962,3962,1,9
3964,3964,1,10
3965,3965,1,10
3970,3970,1,48
3980,3980,1,48
3990,3990,2,48
3991,3991,2,9
3993,3993,2,34
3995,3995,2,9
3996,3996,2,17
3999,3999,2,48
4000,4000,12,40
4010,4010,12,40
4011,4011,12,40
4013,4013,12,40
4100,4100,12,40
4110,4110,12,40
4111,4111,12,40
4119,4119,12,40
4120,4120,12,40
4121,4121,12,40
4131,4131,12,40
4140,4140,12,40
4142,4142,12,40
4150,4150,12,40
4151,4151,12,40
4180,4180,12,48
4190,4190,12,40
4200,4200,12,40
4210,4210,12,40
4212,4212,12,40
4213,4213,12,40
4214,4214,12,40
4215,4215,12,40
4220,4220,12,34
4221,4221,12,34
4222,4222,12,34
4224,4224,12,34
4225,4225,12,34
4226,4226,12,34
4231,4231,12,40
4240,4240,12,40
4310,4310,12,48
4400,4400,12,40
4410,4410,12,40
4411,4411,12,40
4412,4412,12,40
4420,4420,12,40
4421,4421,12,40
4423,4423,12,40
4424,4424,12,40
4430,4430,12,40
4441,4441,12,40
4449,4449,12,40
4454,4454,12,40
4460,4460,12,40
4469,4469,12,40
4480,4480,12,40
4481,4481,12,40
4482,4482,12,40
4490,4490,12,40
4491,4491,12,40
4492,4492,12,40
4499,4499,12,40
4500,4500,12,40
4510,4510,12,40
4511,4511,12,40
4512,4512,12,40
4513,4513,12,40
4520,4520,12,40
4521,4521,12,40
4522,4522,12,40
4523,4523,12,40
4550,4550,12,40
4580,4580,12,40
4581,4581,12,40
4582,4582,12,40
4583,4583,12,40
4600,4600,12,40
4610,4610,12,40
4611,4611,12,40
4612,4612,12,40
4613,4613,12,40
4619,4619,12,40
4626,4626,12,40
4700,4700,12,40
4710,4710,12,40
4712,4712,12,40
4720,4720,12,40
4722,4722,12,40
4723,4723,12,40
4724,4724,12,40
4725,4725,12,40
4729,4729,12,40
4730,4730,12,40
4731,4731,12,40
4740,4740,12,40
4741,4741,12,40
4742,4742,12,40
4743,4743,12,40
4780,4780,12,40
4784,4784,12,40
4785,4785,12,40
4789,4789,12,40
4800,4800,7,32
4810,4810,7,32
4811,4811,7,32
4812,4812,7,32
4813,4813,7,32
4820,4820,7,32
4821,4821,7,32
4822,4822,7,32
4830,4830,7,32
4832,4832,7,32
4833,4833,7,32
4840,4840,7,32
4841,4841,7,32
4876,4876,7,48
4880,4880,7,32
4888,4888,7,32
4890,4890,7,32
4899,4899,7,32
4905,4905,8,48
4910,4910,8,31
4911,4911,8,31
4920,4920,8,31
4922,4922,8,31
4923,4923,8,31
4924,4924,8,31
4925,4925,8,31
4930,4930,8,31
4931,4931,8,31
4932,4932,8,31
4939,4939,8,31
4940,4940,8,31
4941,4941,8,31
4942,4942,8,31
4950,4950,12,48
4952,4952,12,48
4953,4953,12,48
4955,4955,12,48
4959,4959,12,48
4960,4960,12,48
4961,4961,12,48
4971,4971,12,48
4990,4990,12,48
4991,4991,12,48
5000,5000,9,41
5010,5010,9,41
5012,5012,9,41
5013,5013,9,41
5014,5014,9,41
5015,5015,9,41
5020,5020,9,41
5021,5021,9,41
5023,5023,9,41
5030,5030,9,41
5031,5031,9,41
5032,5032,9,41
5033,5033,9,41
5039,5039,9,41
5040,5040,9,41
5041,5041,9,41
5042,5042,9,41
5043,5043,9,41
5044,5044,9,41
5045,5045,9,41
5046,5046,9,41
5047,5047,9,41
5048,5048,9,41
5049,5049,9,41
5050,5050,9,41
5051,5051,9,41
5052,5052,9,41
5056,5056,9,41
5060,5060,9,41
5063,5063,9,41
5064,5064,9,41
5065,5065,9,41
5070,5070,9,41
5072,5072,9,41
5074,5074,9,41
5075,5075,9,41
5080,5080,9,41
5081,5081,9,41
5082,5082,9,41
5083,5083,9,41
5084,5084,9,41
5085,5085,9,41
5086,5086,9,41
5087,5087,9,41
5088,5088,9,41
5090,5090,9,41
5091,5091,9,41
5092,5092,9,41
5093,5093,9,41
5094,5094,9,41
5099,5099,9,41
5110,5110,9,41
5111,5111,9,41
5112,5112,9,41
5120,5120,9,41
5122,5122,9,41
5130,5130,9,41
5131,5131,9,41
5133,5133,9,41
5134,5134,9,41
5136,5136,9,41
5137,5137,9,41
5139,5139,9,41
5140,5140,9,41
5141,5141,9,41
5142,5142,9,41
5143,5143,9,41
5144,5144,9,41
5145,5145,9,41
5146,5146,9,41
5147,5147,9,41
5148,5148,9,41
5149,5149,9,41
5150,5150,9,41
5152,5152,9,41
5153,5153,9,41
5159,5159,9,41
5160,5160,9,41
5161,5161,9,41
5162,5162,9,41
5169,5169,9,41
5170,5170,9,41
5171,5171,9,41
5172,5172,9,41
5180,5180,9,41
5181,5181,9,41
5182,5182,9,41
5190,5190,9,41
5191,5191,9,41
5192,5192,9,41
5194,5194,9,41
5199,5199,9,41
5200,5200,9,42
5210,5210,9,42
5211,5211,9,42
5212,5212,9,42
5220,5220,9,42
5230,5230,9,42
5231,5231,9,42
5250,5250,9,42
5251,5251,9,42
5260,5260,9,42
5261,5261,9,42
5270,5270,9,42
5271,5271,9,42
5300,5300,9,42
5310,5310,9,42
5311,5311,9,42
5317,5317,9,48
5320,5320,9,42
5330,5330,9,42
5331,5331,9,42
5340,5340,9,42
5390,5390,9,42
5399,5399,9,42
5400,5400,9,42
5410,5410,9,42
5411,5411,9,42
5412,5412,9,42
5416,5416,9,48
5420,5420,9,42
5421,5421,9,42
5422,5422,9,42
5430,5430,9,42
5440,5440,9,42
5441,5441,9,42
5450,5450,9,42
5451,5451,9,42
5460,5460,9,42
5461,5461,9,42
5462,5462,9,42
5490,5490,9,42
5499,5499,9,42
5500,5500,9,42
5510,5510,9,42
5511,5511,9,42
5520,5520,9,42
5521,5521,9,42
5530,5530,9,42
5531,5531,9,42
5540,5540,9,42
5541,5541,9,42
5550,5550,9,42
5551,5551,9,42
5560,5560,9,42
5561,5561,9,42
5571,5571,9,42
5599,5599,9,42
5600,5600,9,42
5610,5610,9,42
5611,5611,9,42
5620,5620,9,42
5621,5621,9,42
5626,5626,9,42
5630,5630,9,42
5631,5631,9,42
5632,5632,9,42
5640,5640,9,42
5641,5641,9,42
5650,5650,9,42
5651,5651,9,42
5660,5660,9,42
5661,5661,9,42
5680,5680,9,42
5690,5690,9,42
5699,5699,9,42
5700,5700,9,42
5710,5710,9,42
5712,5712,9,42
5714,5714,9,42
5719,5719,9,42
5720,5720,9,42
5722,5722,9,42
5730,5730,9,42
5731,5731,9,42
5732,5732,9,42
5733,5733,9,42
5734,5734,9,42
5735,5735,9,42
5736,5736,9,42
5750,5750,9,42
5800,5800,9,43
5810,5810,9,43
5811,5811,9,43
5812,5812,9,43
5813,5813,9,43
5820,5820,9,43
5890,5890,9,43
5899,5899,9,43
5900,5900,9,42
5910,5910,9,42
5911,5911,9,42
5912,5912,9,42
5921,5921,9,42
5930,5930,9,42
5931,5931,9,42
5932,5932,9,42
5940,5940,9,42
5941,5941,9,42
5942,5942,9,42
5943,5943,9,42
5944,5944,9,42
5945,5945,9,42
5946,5946,9,42
5947,5947,9,42
5949,5949,9,42
5954,5954,9,42
5960,5960,9,42
5961,5961,9,42
5962,5962,9,42
5963,5963,9,42
5970,5970,9,42
5980,5980,9,42
5983,5983,9,42
5984,5984,9,42
5990,5990,9,42
5995,5995,9,42
5999,5999,9,42
6000,6000,11,44
6010,6010,11,44
6011,6011,11,44
6020,6020,11,44
6021,6021,11,44
6022,6022,11,44
6023,6023,11,44
6025,6025,11,44
6026,6026,11,44
6027,6027,11,44
6028,6028,11,44
6029,6029,11,44
6030,6030,11,44
6032,6032,11,44
6033,6033,11,44
6034,6034,11,44
6035,6035,11,44
6036,6036,11,44
6040,6040,11,44
6042,6042,11,44
6044,6044,11,44
6050,6050,11,44
6052,6052,11,44
6056,6056,11,44
6059,6059,11,44
6060,6060,11,44
6062,6062,11,44
6081,6081,11,44
6082,6082,11,44
6090,6090,11,44
6091,6091,11,44
6099,6099,11,44
6110,6110,11,44
6111,6111,11,44
6112,6112,11,44
6120,6120,11,44
6122,6122,11,44
6123,6123,11,44
6124,6124,11,44
6125,6125,11,44
6130,6130,11,44
6140,6140,11,44
6141,6141,11,44
6144,6144,11,44
6145,6145,11,44
6146,6146,11,44
6149,6149,11,44
6150,6150,11,44
6153,6153,11,44
6159,6159,11,44
6160,6160,11,44
6162,6162,11,44
6163,6163,11,44
6170,6170,11,44
6172,6172,11,44
6190,6190,11,44
6199,6199,11,44
6200,6200,11,47
6210,6210,11,47
6211,6211,11,47
6217,6217,11,47
6220,6220,11,47
6221,6221,11,47
6231,6231,11,47
6280,6280,11,47
6281,6281,11,47
6282,6282,11,47
6289,6289,11,47
6300,6300,11,45
6305,6305,11,48
6310,6310,11,45
6311,6311,11,45
6320,6320,11,45
6321,6321,11,45
6323,6323,11,45
6324,6324,11,45
6325,6325,11,45
6330,6330,11,45
6331,6331,11,45
6350,6350,11,45
6351,6351,11,45
6360,6360,11,45
6361,6361,11,45
6371,6371,11,45
6374,6374,11,45
6390,6390,11,45
6399,6399,11,45
6410,6410,11,45
6411,6411,11,45
6500,6500,11,46
6510,6510,11,46
6512,6512,11,46
6513,6513,11,46
6514,6514,11,46
6515,6515,11,46
6519,6519,11,46
6520,6520,11,46
6522,6522,11,46
6530,6530,11,46
6531,6531,11,46
6532,6532,11,46
6540,6540,11,46
6550,6550,11,46
6552,6552,11,46
6553,6553,11,46
6590,6590,11,46
6610,6610,11,46
6611,6611,11,46
6700,6700,11,47
6710,6710,11,47
6711,6711,11,47
6712,6712,11,47
6719,6719,11,47
6720,6720,11,47
6722,6722,11,47
6723,6723,11,47
6724,6724,11,47
6725,6725,11,47
6726,6726,11,47
6727,6727,11,48
6730,6730,11,47
6732,6732,11,47
6733,6733,11,47
6740,6740,11,47
6750,6750,11,47
6770,6770,11,47
6779,6779,11,47
6790,6790,11,47
6792,6792,11,47
6793,6793,11,47
6794,6794,11,47
6795,6795,11,47
6797,6797,11,48
6798,6798,11,47
6799,6799,11,47
7000,7000,12,43
7010,7010,12,43
7011,7011,12,43
7020,7020,12,33
7021,7021,12,33
7030,7030,12,33
7032,7032,12,33
7033,7033,12,33
7040,7040,12,43
7041,7041,12,43
7110,7110,12,48
7130,7130,12,48
7200,7200,9,33
7210,7210,9,33
7211,7211,9,33
7213,7213,9,43
7214,7214,9,33
7215,7215,9,33
7218,7218,9,34
7220,7220,9,33
7221,7221,9,33
7230,7230,9,33
7231,7231,9,33
7260,7260,9,33
7261,7261,9,33
7269,7269,9,33
7272,7272,9,33
7273,7273,9,33
7275,7275,9,33
7280,7280,9,33
7290,7290,9,33
7291,7291,9,33
7292,7292,9,33
7299,7299,9,33
7300,7300,12,34
7301,7301,12,48
7310,7310,12,34
7311,7311,12,34
7312,7312,12,34
7313,7313,12,34
7319,7319,12,34
7320,7320,12,34
7321,7321,12,34
7322,7322,12,34
7323,7323,12,34
7327,7327,12,34
7330,7330,12,34
7331,7331,12,34
7334,7334,12,34
7336,7336,12,34
7338,7338,12,34
7340,7340,12,34
7342,7342,12,34
7349,7349,12,34
7350,7350,12,34
7351,7351,12,34
7352,7352,12,34
7353,7353,12,34
7359,7359,12,34
7360,7360,12,34
7361,7361,12,34
7362,7362,12,34
7363,7363,12,34
7369,7369,12,34
7370,7370,6,34
7371,7371,6,34
7372,7372,6,34
7373,7373,6,35
7374,7374,6,34
7375,7375,6,34
7376,7376,6,34
7377,7377,6,34
7378,7378,6,34
7379,7379,6,34
7380,7380,12,34
7381,7381,12,34
7382,7382,12,34
7383,7383,12,34
7384,7384,12,34
7385,7385,12,34
7389,7389,12,34
7390,7390,12,34
7391,7391,12,34
7392,7392,12,34
7393,7393,12,34
7394,7394,12,34
7395,7395,12,33
7396,7396,12,34
7397,7397,12,34
7399,7399,12,34
7500,7500,12,33
7510,7510,12,33
7512,7512,12,33
7513,7513,12,33
7514,7514,12,33
7515,7515,12,33
7519,7519,12,34
7521,7521,12,33
7523,7523,12,33
7530,7530,12,33
7531,7531,12,33
7532,7532,12,33
7534,7534,12,33
7538,7538,12,33
7539,7539,12,33
7540,7540,12,33
7549,7549,12,33
7557,7557,12,48
7570,7570,12,48
7600,7600,9,33
7620,7620,9,33
7623,7623,9,33
7629,7629,9,33
7641,7641,9,33
7690,7690,9,33
7699,7699,9,33
7810,7810,12,7
7812,7812,12,7
7813,7813,12,7
7814,7814,12,7
7819,7819,12,7
7820,7820,12,7
7822,7822,12,7
7823,7823,12,7
7824,7824,12,7
7829,7829,12,7
7830,7830,12,7
7832,7832,12,7
7833,7833,12,7
7840,7840,12,7
7841,7841,12,7
7842,7842,12,48
7870,7870,12,48
7900,7900,12,7
7910,7910,12,7
7911,7911,12,7
7920,7920,12,7
7922,7922,12,7
7929,7929,12,7
7930,7930,12,7
7932,7932,12,7
7933,7933,12,7
7940,7940,12,7
7941,7941,12,7
7948,7948,12,7
7950,7950,12,48
7980,7980,12,7
7990,7990,12,7
7991,7991,12,7
7992,7992,12,7
7993,7993,12,7
7996,7996,12,7
7997,7997,12,7
7999,7999,12,7
8000,8000,10,11
8010,8010,10,11
8011,8011,10,11
8020,8020,10,11
8021,8021,10,11
8031,8031,10,11
8040,8040,10,11
8041,8041,10,11
8042,8042,10,11
8049,8049,10,11
8050,8050,10,11
8051,8051,10,11
8052,8052,10,11
8059,8059,10,11
8060,8060,10,11
8062,8062,10,11
8063,8063,10,11
8067,8067,10,11
8069,8069,10,11
8070,8070,10,11
8071,8071,10,11
8072,8072,10,11
8080,8080,10,11
8081,8081,10,11
8082,8082,10,11
8090,8090,10,11
8091,8091,10,11
8092,8092,10,11
8093,8093,10,11
8099,8099,10,11
8110,8110,12,33
8111,8111,12,33
8130,8130,12,33
8170,8170,12,33
8200,8200,12,33
8210,8210,12,33
8211,8211,12,33
8220,8220,12,33
8221,8221,12,33
8222,8222,12,33
8231,8231,12,33
8240,8240,12,33
8241,8241,12,33
8243,8243,12,33
8244,8244,12,33
8249,8249,12,33
8260,8260,12,33
8290,8290,12,33
8299,8299,12,33
8300,8300,12,33
8310,8310,12,33
8322,8322,12,33
8330,8330,12,33
8331,8331,12,33
8350,8350,12,33
8351,8351,12,33
8360,8360,12,33
8361,8361,12,33
8370,8370,12,33
8390,8390,12,33
8399,8399,12,33
8400,8400,12,33
8411,8411,12,33
8520,8520,12,48
8600,8600,12,33
8610,8610,12,33
8611,8611,12,33
8621,8621,12,33
8690,8690,12,33
8699,8699,12,33
8700,8700,12,34
8710,8710,12,34
8711,8711,12,34
8712,8712,12,34
8713,8713,12,34
8720,8720,12,34
8721,8721,12,34
8730,8730,12,34
8731,8731,12,34
8732,8732,12,34
8733,8733,12,34
8734,8734,12,34
8740,8740,12,34
8741,8741,12,34
8742,8742,12,34
8743,8743,12,34
8744,8744,12,34
8748,8748,12,34
8780,8780,12,48
8799,8799,12,48
8811,8811,12,33
8900,8900,12,34
8910,8910,12,34
8911,8911,12,34
8922,8922,12,34
8930,8930,12,34
8931,8931,12,34
8950,8950,12,34
8970,8970,12,34
8980,8980,12,34
8990,8990,12,34
8999,8999,12,34
9199,9199,12,48
9220,9220,12,48
9311,9311,12,48
9370,9370,12,48
9379,9379,12,48
9430,9430,12,48
9431,9431,12,48
9441,9441,12,48
9500,9500,12,48
9511,9511,12,48
9531,9531,12,48
9611,9611,12,48
9641,9641,12,48
9651,9651,12,48
9800,9800,12,48
9910,9910,12,48
9983,9983,12,48
9990,9990,12,48
9995,9995,12,48
9997,9997,12,48
9998,9998,12,48
9999,9999,12,48
